<?xml version="1.0" encoding="UTF-8"?>

<module version="1.0">
	<id>125</id>
	<name>forum</name>
	<package>org.giiwa.forum.web</package>
	<screenshot>/images/forum_screenshot.png</screenshot>
	<version>1.0.1</version>
	<build>0</build>
	<enabled>true</enabled>
	<readme>Forum, group and topic module</readme>
	<listener>
		<class>org.giiwa.forum.web.ForumListener</class>
	</listener>
	<setting/>
	<depends>
		<module name="default" version="1.0.2"/>
	</depends>
	<filter>
		<pattern>/user/register</pattern>
		<class>org.giiwa.forum.web.UserFilter</class>
	</filter>
</module>
